Model,Accuracy,F1 Score,ROC-AUC
Logistic Regression,0.7514677103718199,0.23952095808383234,0.8452263374485597
Decision Tree,0.7534246575342466,0.2222222222222222,0.8089609053497941
Random Forest,0.9246575342465754,0.11494252873563218,0.769238683127572
